{
  "factoid": {
    "precision": 0.9314420803782506,
    "recall": 0.8374070138150903,
    "f1-score": 0.8819250139899273,
    "support": 941
  },
  "list": {
    "precision": 0.9428129829984544,
    "recall": 0.9472049689440993,
    "f1-score": 0.9450038729666924,
    "support": 644
  },
  "summary": {
    "precision": 0.8382877526753865,
    "recall": 0.9073359073359073,
    "f1-score": 0.8714462299134734,
    "support": 777
  },
  "yesno": {
    "precision": 0.9680968096809681,
    "recall": 0.9988649262202043,
    "f1-score": 0.9832402234636872,
    "support": 881
  },
  "accuracy": 0.919827320382362,
  "macro avg": {
    "precision": 0.920159906433265,
    "recall": 0.9227032040788253,
    "f1-score": 0.9204038350834451,
    "support": 3243
  },
  "weighted avg": {
    "precision": 0.921338708555241,
    "recall": 0.919827320382362,
    "f1-score": 0.9194641658554884,
    "support": 3243
  }
}